{"hits": {"hits": [{"created": "2025-12-23T04:06:59.264481+00:00", "modified": "2025-12-23T04:07:00.464548+00:00", "id": 18028462, "conceptrecid": "18028461", "doi": "10.5281/zenodo.18028462", "conceptdoi": "10.5281/zenodo.18028461", "doi_url": "https://doi.org/10.5281/zenodo.18028462", "metadata": {"title": "The Geographical Distribution of Mammals", "doi": "10.5281/zenodo.18028462", "publication_date": "1866", "description": "(Uploaded by Plazi for the Bat Literature Project) No abstract provided.", "access_right": "open", "creators": [{"name": "Murray, Andrew", "affiliation": null}], "keywords": ["https://hesperomys.com/a/39798", "original description of \"Cervus Sabinus\" Murray, 1866:334 (= Cervus sabinus, nomen_nudum, nomen_dubium)", "original description of \"Cervus antiquorum\" Murray, 1866:334 (nomen_nudum, nomen_dubium)", "original description of \"Cervus dicrocerus\" Murray, 1866:334 (= Dicrocerus elegans, nomen_nudum, synonym)", "original description of \"Echinogalin\u00e6\" Murray, 1866:319 (= Tenrecinae, not_used_as_valid, synonym)", "original description of \"Entomophaga\" Murray, 1866:362 (= Dasyuridae, not_based_on_a_generic_name, synonym)", "original description of \"Entomophaga\" Murray, 1866:xiv, 345 (= Yangochiroptera, not_based_on_a_generic_name, synonym)", "original description of \"Galechinid\u00e6\" Murray, 1866:319 (= Placentalia, not_based_on_a_generic_name, synonym)", "original description of \"Glisoricin\u00e6\" Murray, 1866:319 (= Tupaiidae, not_used_as_valid, synonym)", "original description of \"Gravigrada\" Murray, 1866:341 (= Folivora, not_based_on_a_generic_name, synonym)", "original description of \"Gymnorhin\u00e6\" Murray, 1866:237 (= Yangochiroptera, not_based_on_a_generic_name, synonym)", "original description of \"Gymnorrhin\u00e6\" Murray, 1866:347 (= Yangochiroptera, not_based_on_a_generic_name, synonym)", "original description of \"Lasiurus vulpinus\" Murray, 1866:348 (nomen_nudum, nomen_dubium)", "original description of \"Linguales\" Murray, 1866:364 (= Australidelphia, not_based_on_a_generic_name, synonym)", "original description of \"Lutra ferreo-jurassica\" Murray, 1866:327 (= Potamotherium valletoni, nomen_nudum, synonym)", "original description of \"Megaptera fossilis\" Murray, 1866:340 (nomen_nudum, nomen_dubium)", "original description of \"Meriones binotatus\" Murray, 1866:361 (nomen_nudum, nomen_dubium)", "original description of \"Meriones rufescens\" Murray, 1866:361 (nomen_nudum, nomen_dubium)", "original description of \"Mygalin\u00e6\" Murray, 1866:319 (= Desmanini, not_used_as_valid, synonym)", "original description of \"Nasua Brasiliensis\" Murray, 1866:329 (= Nasua fossilis, nomen_nudum, synonym)", "original description of \"Pal\u00e6omeryx Gergovianus\" Murray, 1866:336 (= Cervus gergovianus, nomen_nudum, synonym)", "original description of \"Pal\u00e6omeryx Nicolati\" Murray, 1866:336 (= Palaeomeryx nicolati, nomen_nudum, species_inquirenda)", "original description of \"Pinnigrada\" Murray, 1866:330 (= Pinnipedia, not_based_on_a_generic_name, synonym)", "original description of \"Rhinoceros Kiaboaba\" Murray, 1866:338 (= Ceratotherium simum simum, nomen_nudum, synonym)", "original description of \"Rhizophaga\" Murray, 1866:363 (= Vombatomorphia, not_based_on_a_generic_name, synonym)", "original description of \"Sarcophaga\" Murray, 1866:362 (= Dasyuromorphia, not_based_on_a_generic_name, synonym)", "original description of \"Scutata\" Murray, 1866:xiii, 342 (= Laurasiatheria, not_based_on_a_generic_name, synonym)", "original description of \"Spalacogalid\u00e6\" Murray, 1866:319 (= Talpidae, not_based_on_a_generic_name, synonym)", "original description of \"Tragelaphus Tiany\u00e0ne\" Murray, 1866:333 (= Tragelaphus tianyane, nomen_nudum, nomen_dubium)", "original description of \"Tragulus Bengalensis\" Murray, 1866:335 (= Tragulus bengalensis, nomen_nudum, nomen_dubium)", "original description of \"Viverra ferreo-jurassica\" Murray, 1866:325 (= Potamotherium valletoni, nomen_nudum, synonym)", "original description of \"Volitantia\" Murray, 1866:xv, 363 (= Phalangerida, not_based_on_a_generic_name, synonym)", "original description of Aegoceros equinus: Murray, 1866:333 (= Hippotragus equinus equinus, name_combination, synonym)", "original description of Aegoceros leucoph\u00e6us: Murray, 1866:333 (= Hippotragus leucophaeus, name_combination, synonym)", "original description of Aegoceros niger: Murray, 1866:333 (= Hippotragus niger niger, name_combination, synonym)", "original description of Alactaga aulacotis: Murray, 1866:361 (= Scarturus aulacotis, name_combination, synonym)", "original description of Alactaga haltica: Murray, 1866:361 (= Orientallactaga sibirica sibirica, name_combination, synonym)", "original description of Anchitherium Aurelianense: Murray, 1866:331 (= Anchitherium aurelianense, name_combination, synonym)", "original description of Anchitherium Bairdii: Murray, 1866:331 (= Mesohippus bairdii, name_combination, synonym)", "original description of Anoa (Damalis) oreas: Murray, 1866:333 (= Tragelaphus oryx oryx, name_combination, synonym)", "original description of Anoa Livingstonii: Murray, 1866:333 (= Tragelaphus oryx livingstonii, name_combination, synonym)", "original description of Anomalurus Pelei Murray, 1866:353 (= Anomalurus pelii pelii, incorrect_subsequent_spelling, synonym)", "original description of Antechinus Swainsonii: Murray, 1866:362 (= Antechinus swainsonii, name_combination, synonym)", "original description of Antechinus albipes: Murray, 1866:362 (= Sminthopsis murina albipes, name_combination, synonym)", "original description of Antechinus apicalis: Murray, 1866:362 (= Parantechinus apicalis, name_combination, synonym)", "original description of Antechinus crassicaudatus: Murray, 1866:362 (= Sminthopsis crassicaudata crassicaudata, name_combination, synonym)", "original description of Antechinus flavipes: Murray, 1866:362 (= Antechinus flavipes flavipes, name_combination, synonym)", "original description of Antechinus leucogaster: Murray, 1866:362 (= Antechinus flavipes leucogaster, name_combination, synonym)", "original description of Antechinus leucopus: Murray, 1866:362 (= Sminthopsis leucopus leucopus, name_combination, synonym)", "original description of Antechinus macroura: Murray, 1866:362 (= Sminthopsis macroura, name_combination, synonym)", "original description of Antechinus melas: Murray, 1866:362 (= Myoictis melas, name_combination, synonym)", "original description of Antechinus minimus: Murray, 1866:362 (= Antechinus minimus minimus, name_combination, synonym)", "original description of Antechinus murinus: Murray, 1866:362 (= Sminthopsis murina murina, name_combination, synonym)", "original description of Antilocapra Americanus: Murray, 1866:332 (= Antilocapra americana americana, name_combination, synonym)", "original description of Antilocapra montanus: Murray, 1866:332 (= Oreamnos americanus, name_combination, synonym)", "original description of Antilocapra rupicapra: Murray, 1866:332 (= Rupicapra rupicapra rupicapra, name_combination, synonym)", "original description of Antilope forfax Murray, 1866:333 (= Kobus kob kob, incorrect_subsequent_spelling, synonym)", "original description of Antrozous pallidus: Murray, 1866:347 (= Antrozous pallidus pallidus, name_combination, synonym)", "original description of Aonyx Calabarica: Murray, 1866:327 (= Lutra capensis capensis, name_combination, synonym)", "original description of Aonyx inunguis: Murray, 1866:327 (= Lutra capensis capensis, name_combination, synonym)", "original description of Arch\u00e6omys Laurillardii Murray, 1866:350 (= Archaeomys laurillardi, incorrect_subsequent_spelling, synonym)", "original description of Arctibeus Floresii: Murray, 1866:347 (= Vampyriscus bidens, name_combination, synonym)", "original description of Arctocebus Calabariensis Murray, 1866:323 (= Arctocebus calabarensis, incorrect_subsequent_spelling, synonym)", "original description of Arctocephalus Chilensis: Murray, 1866:330 (= Otaria flavescens, name_combination, synonym)", "original description of Arctocephalus Gillespii: Murray, 1866:330 (= Zalophus californianus, name_combination, synonym)", "original description of Arctocyonid\u00e6: Murray, 1866:329 (= Arctocyoninae, reranking, synonym)", "original description of Arvicola Blumenbachii: Murray, 1866:356 (= Brachyurus blumenbachii, name_combination, synonym)", "original description of Arvicola Brecciensis: Murray, 1866:356 (= Microtus brecciensis, name_combination, synonym)", "original description of Arvicola Nageri: Murray, 1866:356 (= Clethrionomys glareolus, name_combination, synonym)", "original description of Arvicola Richardsonii Murray, 1866:356 (= Microtus richardsoni richardsoni, incorrect_subsequent_spelling, synonym)", "original description of Arvicola alpina: Murray, 1866:356 (= Chionomys nivalis, name_combination, synonym)", "original description of Arvicola austera: Murray, 1866:356 (= Microtus ochrogaster ochrogaster, name_combination, synonym)", "original description of Arvicola cinnamomea Murray, 1866:356 (= Microtus ochrogaster ochrogaster, incorrect_subsequent_spelling, synonym)", "original description of Arvicola hirsuta Murray, 1866:356 (= Microtus pennsylvanicus pennsylvanicus, incorrect_subsequent_spelling, synonym)", "original description of Arvicola hypoleuca Murray, 1866:356 (= Hypudaeus hypoleucos, incorrect_subsequent_spelling, synonym)", "original description of Arvicola ochrogaster: Murray, 1866:356 (= Microtus ochrogaster ochrogaster, name_combination, synonym)", "original description of Arvicola rubricata: Murray, 1866:356 (= Dicrostonyx groenlandicus rubricatus, name_combination, synonym)", "original description of Arvicolin\u00e6: Murray, 1866:356 (= Arvicolina, reranking, synonym)", "original description of Ateles Geoffroyi: Murray, 1866:321 (= Ateles geoffroyi geoffroyi, name_combination, synonym)", "original description of A\u00ebllo (Chilonycteris) cinnamomea: Murray, 1866:346 (= Mormoops blainvillei, name_combination, synonym)", "original description of A\u00ebllo Osburni: Murray, 1866:346 (= Pteronotus parnellii, name_combination, synonym)", "original description of A\u00ebllo gymnota Murray, 1866:346 (= Pteronotus gymnonotus, incorrect_subsequent_spelling, synonym)", "original description of A\u00ebllo quadridens: Murray, 1866:346 (= Pteronotus quadridens quadridens, name_combination, synonym)", "original description of A\u00ebllo rubiginosa: Murray, 1866:346 (= Pteronotus rubiginosus, name_combination, synonym)", "original description of Bal\u00e6na Lamanoni Murray, 1866:340 (= Balaena lamanonii, incorrect_subsequent_spelling, synonym)", "original description of Bal\u00e6nodon Lentianus Murray, 1866:341 (= Cetotheriopsis lintiana, incorrect_subsequent_spelling, synonym)", "original description of Bal\u00e6nodon affinis: Murray, 1866:341 (= Balaena affinis, name_combination, synonym)", "original description of Bal\u00e6nodon definitus: Murray, 1866:341 (= Balaena definita, name_combination, synonym)", "original description of Bal\u00e6nodon emarginatus: Murray, 1866:341 (= Balaena emarginata, name_combination, synonym)", "original description of Bal\u00e6nodon gibbosus: Murray, 1866:341 (= Balaena gibbosa, name_combination, synonym)", "original description of Bal\u00e6noptera Cuvieri: Murray, 1866:340 (= Cetotheriophanes cuvieri, name_combination, synonym)", "original description of Berardius Arnuxi Murray, 1866:341 (= Berardius arnuxii, incorrect_subsequent_spelling, synonym)", "original description of Bos Pallasei Murray, 1866:332 (= Ovibos moschatus, incorrect_subsequent_spelling, synonym)", "original description of Bos brachycerus: Murray, 1866:331 (= Syncerus caffer brachyceros, name_combination, synonym)", "original description of Bos priscus: Murray, 1866:332 (name_combination, synonym)", "original description of Bos reclinis: Murray, 1866:332 (= Syncerus caffer nanus, name_combination, synonym)", "original description of Brachymys ornatus: Murray, 1866:355 (name_combination, synonym)", "original description of Brachyteles arachnoides: Murray, 1866:321 (name_combination, synonym)", "original description of Brachyurus Satanas: Murray, 1866:322 (= Chiropotes satanas, name_combination, synonym)", "original description of Brachyurus melanocephalus: Murray, 1866:322 (= Cacajao melanocephalus, name_combination, synonym)", "original description of Bradypus cucullifer Murray, 1866:341 (= Bradypus tridactylus, incorrect_subsequent_spelling, synonym)", "original description of Bubalus Lichtenstenii Murray, 1866:333 (= Alcelaphus buselaphus lichtensteinii, incorrect_subsequent_spelling, synonym)", "original description of Bubalus addax: Murray, 1866:333 (= Addax nasomaculatus, name_combination, synonym)", "original description of Bubalus bubalis: Murray, 1866:333 (= Bubalus bubalis bubalis, name_combination, synonym)", "original description of Callithrix chlorocnomis Murray, 1866:322 (= Callicebus nigrifrons, incorrect_subsequent_spelling, synonym)", "original description of Callithrix primaeva: Murray, 1866:322 (= Callithrix primaevus, name_combination, synonym)", "original description of Callocephalus Largha: Murray, 1866:330 (= Phoca largha, name_combination, synonym)", "original description of Callocephalus hispidus: Murray, 1866:330 (= Pusa hispida hispida, name_combination, synonym)", "original description of Callocephalus occitana: Murray, 1866:330 (= Phoca occitana, name_combination, synonym)", "original description of Calomys Magellanicus: Murray, 1866:359 (= Oligoryzomys longicaudatus, name_combination, synonym)", "original description of Calomys anguya: Murray, 1866:359 (= Sooretamys angouya, name_combination, synonym)", "original description of Calomys eliurus: Murray, 1866:359 (= Oligoryzomys nigripes, name_combination, synonym)", "original description of Calomys expulsus: Murray, 1866:359 (name_combination, synonym)", "original description of Calomys flavescens: Murray, 1866:359 (= Oligoryzomys flavescens, name_combination, synonym)", "original description of Calomys fuliginosus: Murray, 1866:359 (= Thaptomys nigrita, name_combination, synonym)", "original description of Calomys lasiotis: Murray, 1866:359 (= Necromys lasiurus, name_combination, synonym)", "original description of Calomys lasiurus: Murray, 1866:359 (= Necromys lasiurus, name_combination, synonym)", "original description of Calomys laticeps: Murray, 1866:359 (= Hylaeamys megacephalus, name_combination, synonym)", "original description of Calomys orobius: Murray, 1866:359 (= Necromys lasiurus, name_combination, synonym)", "original description of Calomys pyrrhorhinus: Murray, 1866:359 (= Wiedomys pyrrhorinos, name_combination, synonym)", "original description of Calomys typus: Murray, 1866:359 (= Eligmodontia typus, name_combination, synonym)", "original description of Canis Caama: Murray, 1866:326 (= Vulpes chama, name_combination, synonym)", "original description of Canis Grayiformis: Murray, 1866:327 (= Cuon alpinus alpinus, name_combination, synonym)", "original description of Canis hodophylax Murray, 1866:327 (= Canis lupus hodophilax, incorrect_subsequent_spelling, synonym)", "original description of Canis littoralis: Murray, 1866:327 (= Urocyon littoralis littoralis, name_combination, synonym)", "original description of Canis macrourus: Murray, 1866:327 (= Vulpes vulpes macroura, name_combination, synonym)", "original description of Canis occidentalis: Murray, 1866:327 (= Canis lupus occidentalis, name_combination, synonym)", "original description of Canis venaticus: Murray, 1866:327 (= Lycaon pictus pictus, name_combination, synonym)", "original description of Capra Cebennarum: Murray, 1866:332 (= Capra cebennarum, name_combination, synonym)", "original description of Capra Walei Murray, 1866:332 (= Capra walie, incorrect_subsequent_spelling, synonym)", "original description of Capra hylocrius: Murray, 1866:332 (= Nilgiritragus hylocrius, name_combination, synonym)", "original description of Capra \u00e6gagra Murray, 1866:332 (= Capra aegagrus aegagrus, incorrect_subsequent_spelling, synonym)", "original description of Capromys pilorides: Murray, 1866:350 (= Capromys pilorides pilorides, name_combination, synonym)", "original description of Carterodon sulcidens: Murray, 1866:351 (name_combination, synonym)", "original description of Castor Eseri: Murray, 1866:356 (= Steneofiber eseri, name_combination, synonym)", "original description of Castor Sansanensis Murray, 1866:356 (= Euroxenomys minutus, incorrect_subsequent_spelling, synonym)", "original description of Castor minutus: Murray, 1866:356 (= Euroxenomys minutus, name_combination, synonym)", "original description of Castoroides Ohiensis Murray, 1866:356 (= Castoroides ohioensis, incorrect_subsequent_spelling, synonym)", "original description of Cavia antiquum: Murray, 1866:350 (= Kerodon antiquus, name_combination, synonym)", "original description of Cavia aperoides Murray, 1866:350 (= Cavia aperea, incorrect_subsequent_spelling, synonym)", "original description of Centetid\u00e6: Murray, 1866:xiv, 344 (= Tenrecinae, reranking, synonym)", "original description of Centetin\u00e6: Murray, 1866:319 (= Tenrecinae, reranking, synonym)", "original description of Centurio flavigularis Murray, 1866:346 (= Centurio senex senex, incorrect_subsequent_spelling, synonym)", "original description of Cephalolophus Friderici Murray, 1866:333 (= Philantomba maxwellii maxwellii, incorrect_subsequent_spelling, synonym)", "original description of Cephalolophus Hemprichanus Murray, 1866:333 (= Madoqua saltiana saltiana, incorrect_subsequent_spelling, synonym)", "original description of Cephalolophus Natalensis: Murray, 1866:334 (= Cephalophorus natalensis natalensis, name_combination, synonym)", "original description of Cephalolophus Ogilbyi: Murray, 1866:334 (= Cephalophorus ogilbyi ogilbyi, name_combination, synonym)", "original description of Cephalolophus Whitfieldii: Murray, 1866:334 (= Philantomba maxwellii maxwellii, name_combination, synonym)", "original description of Cephalolophus altifrons: Murray, 1866:333 (= Sylvicapra grimmia orbicularis, name_combination, synonym)", "original description of Cephalolophus bicolor: Murray, 1866:333 (= Philantomba monticola bicolor, name_combination, synonym)", "original description of Cephalolophus grimmia: Murray, 1866:333 (= Sylvicapra grimmia grimmia, name_combination, synonym)", "original description of Cephalolophus longiceps: Murray, 1866:333 (= Cephalophus silvicultor longiceps, name_combination, synonym)", "original description of Cephalolophus monticola: Murray, 1866:333 (= Philantomba monticola monticola, name_combination, synonym)", "original description of Cephalolophus moschatus: Murray, 1866:334 (= Nesotragus moschatus moschatus, name_combination, synonym)", "original description of Cephalolophus quadriscopa: Murray, 1866:334 (= Ourebia ourebi quadriscopa, name_combination, synonym)", "original description of Cephalolophus spinigerus Murray, 1866:334 (= Neotragus pygmaeus, incorrect_subsequent_spelling, synonym)", "original description of Cephalolophus sylvicultrix: Murray, 1866:334 (= Cephalophus silvicultor silvicultor, name_combination, synonym)", "original description of Cercolabes dubia: Murray, 1866:351 (= Synoetheres dubia, name_combination, synonym)", "original description of Cercolabes magna: Murray, 1866:351 (= Coendou magnus, name_combination, synonym)", "original description of Cercolabes villosus: Murray, 1866:351 (= Coendou spinosus, name_combination, synonym)", "original description of Cercopithecus Erxlebenii Murray, 1866:321 (= Cercopithecus pogonias grayi, incorrect_subsequent_spelling, synonym)", "original description of Cercopithecus albigena: Murray, 1866:321 (= Lophocebus albigena, name_combination, synonym)", "original description of Cercopithecus albigularis Murray, 1866:321 (= Cercopithecus mitis albogularis, incorrect_subsequent_spelling, synonym)", "original description of Cercopithecus capillatus: Murray, 1866:321 (= Miopithecus talapoin, name_combination, synonym)", "original description of Cervus (Rangifer) Caribou: Murray, 1866:334 (= Rangifer tarandus caribou, name_combination, synonym)", "original description of Cervus Cambojensis: Murray, 1866:335 (= Rusa unicolor cambojensis, name_combination, synonym)", "original description of Cervus Columbianus: Murray, 1866:334 (= Odocoileus hemionus columbianus, name_combination, synonym)", "original description of Cervus Goudoti Murray, 1866:335 (= Odocoileus virginianus goudotii, incorrect_subsequent_spelling, synonym)", "original description of Cervus Larteti Murray, 1866:334 (= Cervus lartetii, incorrect_subsequent_spelling, synonym)", "original description of Cervus Schomburgki: Murray, 1866:335 (= Rucervus schomburgki, name_combination, synonym)", "original description of Cervus Swinhoei Murray, 1866:335 (= Rusa unicolor swinhoii, incorrect_subsequent_spelling, synonym)", "original description of Cervus arcticus var. Gr\u0153nlandicus: Murray, 1866:334 (= Rangifer tarandus groenlandicus, name_combination, synonym)", "original description of Cervus arcticus var. Spitzbergensis Murray, 1866:334 (= Rangifer tarandus platyrhynchus, synonym)", "original description of Cervus arcticus: Murray, 1866:334 (= Rangifer tarandus groenlandicus, name_combination, synonym)", "original description of Cervus cariacus Murray, 1866:334 (= Odocoileus virginianus cariacou, incorrect_subsequent_spelling, synonym)", "original description of Cervus etuearium Murray, 1866:335 (= Praeelaphus perrieri, incorrect_subsequent_spelling, synonym)", "original description of Cervus leucotis: Murray, 1866:335 (= Hippocamelus bisulcus, name_combination, synonym)", "original description of Cervus megacerus Murray, 1866:334 (= Megaloceros giganteus giganteus, incorrect_subsequent_spelling, synonym)", "original description of Cervus punctulatus: Murray, 1866:335 (= Odocoileus hemionus columbianus, name_combination, synonym)", "original description of Cervus resupinatus: Murray, 1866:334 (= Alces alces alces, name_combination, synonym)", "original description of Cervus stylocerus: Murray, 1866:335 (= Muntiacus vaginalis vaginalis, name_combination, synonym)", "original description of Cervus tarandus var. Sibiricus Murray, 1866:334 (= Rangifer tarandus sibiricus)", "original description of Cervus tunjuc: Murray, 1866:335 (= Rusa timorensis russa, name_combination, synonym)", "original description of Cetotherium Rathkei Murray, 1866:340 (= Cetotherium rathkii, incorrect_subsequent_spelling, synonym)", "original description of Cheiromyina: Murray, 1866:323 (= Daubentoniidae, reranking, synonym)", "original description of Chlamydophorus retusus: Murray, 1866:342 (= Calyptophractus retusus, name_combination, synonym)", "original description of Chrysothrix sciurea: Murray, 1866:322 (= Saimiri sciureus, name_combination, synonym)", "original description of Ch\u00e6ropsis Liberiensis: Murray, 1866:337 (= Choeropsis liberiensis liberiensis, name_combination, synonym)", "original description of Ch\u00e6ropsis Murray, 1866:337 (= Choeropsis, incorrect_subsequent_spelling, synonym)", "original description of Ch\u0153romorus mammillatus Murray, 1866:337 (= Choeromorus lemuroides, incorrect_subsequent_spelling, synonym)", "original description of Ch\u0153ropus Castanotis: Murray, 1866:364 (= Chaeropus ecaudatus ecaudatus, name_combination, synonym)", "original description of Cladobates Ellioti: Murray, 1866:344 (= Anathana ellioti, name_combination, synonym)", "original description of Cladobates murinus: Murray, 1866:344 (= Dendrogale murina, name_combination, synonym)", "original description of Cladobates splendidula: Murray, 1866:344 (= Tupaia splendidula splendidula, name_combination, synonym)", "original description of Conepatus nasuta: Murray, 1866:329 (= Conepatus leuconotus leuconotus, name_combination, synonym)", "original description of Cricetin\u00e6: Murray, 1866:358 (= Cricetina, reranking, synonym)", "original description of Cricetodipus flavus: Murray, 1866:357 (= Perognathus flavus flavus, name_combination, synonym)", "original description of Cricetodon Gerardeanus Murray, 1866:358 (= Eucricetodon gerandianus, incorrect_subsequent_spelling, synonym)", "original description of Cricetodon Gergovianus: Murray, 1866:358 (= Eucricetodon gergovianus, name_combination, synonym)", "original description of Cricetodon Sansanense Murray, 1866:358 (= Cricetodon sansaniensis, incorrect_subsequent_spelling, synonym)", "original description of Ctenodactylus Massoni Murray, 1866:355 (= Ctenodactylus gundi, incorrect_subsequent_spelling, synonym)", "original description of Cuscus orientalis: Murray, 1866:363 (= Phalanger orientalis, name_combination, synonym)", "original description of Cyclognathus Gergovianus: Murray, 1866:336 (= Propalaeochoerus gergovianus, name_combination, synonym)", "original description of Cyclognathus Silistrensis: Murray, 1866:336 (= Choeromeryx silistrensis, name_combination, synonym)", "original description of Cyclognathus onoideus: Murray, 1866:336 (= Brachyodus onoideus, name_combination, synonym)", "original description of Cynocephalus Gelada: Murray, 1866:321 (= Theropithecus gelada gelada, name_combination, synonym)", "original description of Cynodon Parisiense: Murray, 1866:326 (= Canis parisiensis, name_combination, synonym)", "original description of Cynopithecus nigrescens: Murray, 1866:321 (= Macaca nigrescens, name_combination, synonym)", "original description of Dactylomys villosus: Murray, 1866:350 (= Isothrix bistriata, name_combination, synonym)", "original description of Dasyprocta acouchy: Murray, 1866:351 (= Myoprocta acouchy, name_combination, synonym)", "original description of Dasypus conurus: Murray, 1866:342 (= Tolypeutes matacus, name_combination, synonym)", "original description of Dasypus hirsutus: Murray, 1866:342 (= Dasypus pilosus, name_combination, synonym)", "original description of Dasypus nudicaudis: Murray, 1866:342 (= Cabassous tatouay, name_combination, synonym)", "original description of Delphinus Algiriensis Murray, 1866:340 (= Delphinus delphis delphis, incorrect_subsequent_spelling, synonym)", "original description of Delphinus Bredaensis Murray, 1866:340 (= Steno bredanensis, incorrect_subsequent_spelling, synonym)", "original description of Delphinus Dalionum Murray, 1866:340 (= Delphinus dationum, incorrect_subsequent_spelling, synonym)", "original description of Delphinus Euphrosine Murray, 1866:340 (= Stenella coeruleoalba, incorrect_subsequent_spelling, synonym)", "original description of Delphinus Nilssonii: Murray, 1866:341 (= Lagenorhynchus nilssonii, name_combination, synonym)", "original description of Dichobune Robertanum Murray, 1866:335 (= Dichobune robertianum, incorrect_subsequent_spelling, synonym)", "original description of Dicotyles major: Murray, 1866:336 (= Leptotherium majus, name_combination, synonym)", "original description of Dicotylid\u00e6: Murray, 1866:336 (= Tayassuini, reranking, synonym)", "original description of Didelphys Arvernensis: Murray, 1866:362 (= Peratherium arvernense, name_combination, synonym)", "original description of Didelphys Laurillardii Murray, 1866:362 (= Didelphis laurillardi, incorrect_subsequent_spelling, synonym)", "original description of Didelphys Waterhousei Murray, 1866:363 (= Marmosa waterhousei, justified_emendation, synonym)", "original description of Didelphys crassa: Murray, 1866:362 (= Peratherium crassum, name_combination, synonym)", "original description of Didelphys incana: Murray, 1866:362 (= Marmosops incanus, name_combination, synonym)", "original description of Didelphys macrotarsis Murray, 1866:362 (= Marmosa macrotarsus, incorrect_subsequent_spelling, synonym)", "original description of Didelphys microtarsis Murray, 1866:362 (= Gracilinanus microtarsus, incorrect_subsequent_spelling, synonym)", "original description of Didelphys minuta: Murray, 1866:362 (= Amphiperatherium minutum, name_combination, synonym)", "original description of Didelphys musculus Murray, 1866:362 (= Marmosa murina, incorrect_subsequent_spelling, synonym)", "original description of Didelphys unistrata Murray, 1866:363 (= Monodelphis unistriata, incorrect_subsequent_spelling, synonym)", "original description of Dipodomys Hermanni Murray, 1866:357 (= Dipodomys heermanni heermanni, incorrect_subsequent_spelling, synonym)", "original description of Dipodomys Phillippi Murray, 1866:357 (= Dipodomys phillipsii phillipsii, incorrect_subsequent_spelling, synonym)", "original description of Diprotodon Australe: Murray, 1866:363 (= Diprotodon optatus, name_combination, synonym)", "original description of Dolichotis Patagonica: Murray, 1866:350 (= Dolichotis patagonum patagonum, name_combination, synonym)", "original description of Dorcatherium Nani Murray, 1866:335 (= Dorcatherium naui, incorrect_subsequent_spelling, synonym)", "original description of Dorcatherium Vindobonensis Murray, 1866:335 (= Dorcatherium vindebonense, incorrect_subsequent_spelling, synonym)", "original description of Dremotherium Feignouxii Murray, 1866:335 (= Dremotherium feignoui, incorrect_subsequent_spelling, synonym)", "original description of Dromicia Neillii: Murray, 1866:363 (= Cercartetus concinnus concinnus, name_combination, synonym)", "original description of Dromicia nana: Murray, 1866:363 (= Cercartetus nana nana, name_combination, synonym)", "original description of Dysopes Aztecus: Murray, 1866:347 (= Molossus aztecus, name_combination, synonym)", "original description of Dysopes Mexicanus: Murray, 1866:347 (= Tadarida brasiliensis mexicana, name_combination, synonym)", "original description of Dysopes Norfolkensis: Murray, 1866:347 (= Micronomus norfolkensis, name_combination, synonym)", "original description of Dysopes R\u00fcppellii: Murray, 1866:347 (= Tadarida teniotis rueppellii, name_combination, synonym)", "original description of Dysopes acetabulosus: Murray, 1866:347 (= Mormopterus acetabulosus, name_combination, synonym)", "original description of Dysopes c\u0153cus Murray, 1866:347 (= Nyctinomops laticaudatus laticaudatus, incorrect_subsequent_spelling, synonym)", "original description of Dysopes insignis: Murray, 1866:347 (= Tadarida insignis, name_combination, synonym)", "original description of Dysopes macrotis: Murray, 1866:347 (= Nyctinomops macrotis, name_combination, synonym)", "original description of Dysopes olivaceus Murray, 1866:347 (= Molossus molossus crassicaudatus, incorrect_subsequent_spelling, synonym)", "original description of Dysopes plicatus: Murray, 1866:347 (= Mops plicatus plicatus, name_combination, synonym)", "original description of Dysopes torquatus: Murray, 1866:347 (= Cheiromeles torquatus torquatus, name_combination, synonym)", "original description of Dysopes \u00c6gyptiacus: Murray, 1866:347 (= Nyctinomus aegyptiacus aegyptiacus, name_combination, synonym)", "original description of Echinogale Telfairi: Murray, 1866:345 (= Echinops telfairi, name_combination, synonym)", "original description of Echinogale spinosus: Murray, 1866:345 (= Setifer setosus, name_combination, synonym)", "original description of Elasmotherium Keyserlingi Murray, 1866:331 (= Elasmotherium sibiricum, incorrect_subsequent_spelling, synonym)", "original description of Eliomys melanura Murray, 1866:352 (= Eliomys melanurus, incorrect_subsequent_spelling, synonym)", "original description of Ellobius luteus: Murray, 1866:357 (= Eolagurus luteus, name_combination, synonym)", "original description of Emballonura bilineata: Murray, 1866:347 (= Saccopteryx bilineata, name_combination, synonym)", "original description of Emballonura leptura: Murray, 1866:347 (= Saccopteryx leptura, name_combination, synonym)", "original description of Entolodon Murray, 1866:337 (= Entelodon, incorrect_subsequent_spelling, synonym)", "original description of Entolodon Ronzoni Murray, 1866:337 (= Entelodon ronzonii, incorrect_subsequent_spelling, synonym)", "original description of Entolodon magnum: Murray, 1866:337 (= Entelodon magnus, name_combination, synonym)", "original description of Epomophorus Sch\u0153nsis: Murray, 1866:345 (= Epomophorus labiatus, name_combination, synonym)", "original description of Epomophorus labiatus: Murray, 1866:345 (name_combination, synonym)", "original description of Erethizon dorsatus: Murray, 1866:351 (= Erethizon dorsatum dorsatum, name_combination, synonym)", "original description of Erinaceus Sansansensis Murray, 1866:344 (= Erinaceus sansaniensis, incorrect_subsequent_spelling, synonym)", "original description of Eupleures Goudotii: Murray, 1866:326 (= Eupleres goudotii, name_combination, synonym)", "original description of Eupleures Murray, 1866:326 (= Eupleres, incorrect_subsequent_spelling, synonym)", "original description of Eurodon Murray, 1866:342 (= Euryodon, incorrect_subsequent_spelling, synonym)", "original description of Eurodon latidens: Murray, 1866:342 (= Dasypus latidens, name_combination, synonym)", "original description of Felis Dosul: Murray, 1866:324 (= Pardofelis marmorata longicaudata, name_combination, synonym)", "original description of Felis grisea: Murray, 1866:324 (= Leopardus pardalis pardalis, name_combination, synonym)", "original description of Felis perniger: Murray, 1866:324 (= Panthera pardus fusca, name_combination, synonym)", "original description of Felis pictus: Murray, 1866:324 (= Leopardus pardalis pardalis, name_combination, synonym)", "original description of Furipterus horrens: Murray, 1866:347 (name_combination, synonym)", "original description of Galago Peli: Murray, 1866:323 (= Galagoides demidoff, name_combination, synonym)", "original description of Galeospalax mygdaloides Murray, 1866:343 (= Galeospalax mygaloides, incorrect_subsequent_spelling, synonym)", "original description of Gazella Arabica: Murray, 1866:333 (= Gazella arabica arabica, name_combination, synonym)", "original description of Gazella Sommeringii Murray, 1866:333 (= Nanger soemmerringii soemmerringii, incorrect_subsequent_spelling, synonym)", "original description of Gazella picticaudata: Murray, 1866:333 (= Procapra picticaudata, name_combination, synonym)", "original description of Geomys Quachil: Murray, 1866:357 (= Heterogeomys hispidus, name_combination, synonym)", "original description of Georychus Damarensis: Murray, 1866:357 (= Fukomys damarensis, name_combination, synonym)", "original description of Georychus Hottentottus Murray, 1866:357 (= Cryptomys hottentotus, incorrect_subsequent_spelling, synonym)", "original description of Georychus holosericeus: Murray, 1866:357 (= Cryptomys hottentotus, name_combination, synonym)", "original description of Glis Sansanensis Murray, 1866:352 (= Muscardinus sansaniensis, incorrect_subsequent_spelling, synonym)", "original description of Glossophaga (Hemiderma) brevicaudum: Murray, 1866:346 (= Carollia brevicauda, name_combination, synonym)", "original description of Glossophaga (Monophyllus) Redmanni: Murray, 1866:346 (= Monophyllus redmani redmani, name_combination, synonym)", "original description of Glyptodon Sellowi Murray, 1866:342 (= Hoplophorus selloi, incorrect_subsequent_spelling, synonym)", "original description of Glyptodon euphractus: Murray, 1866:342 (= Hoplophorus euphractus, name_combination, synonym)", "original description of Glyptodon minor: Murray, 1866:342 (= Hoplophorus euphractus, name_combination, synonym)", "original description of Habrothrix Darwinii: Murray, 1866:359 (= Phyllotis darwinii, name_combination, synonym)", "original description of Habrothrix Galapagoensis: Murray, 1866:359 (= Aegialomys galapagoensis galapagoensis, name_combination, synonym)", "original description of Habrothrix arvicoloides Murray, 1866:359 (= Necromys lasiurus, incorrect_subsequent_spelling, synonym)", "original description of Habrothrix auritus: Murray, 1866:359 (= Reithrodon auritus auritus, name_combination, synonym)", "original description of Habrothrix griseo-flavus: Murray, 1866:359 (= Graomys griseoflavus, name_combination, synonym)", "original description of Habrothrix longipilus Murray, 1866:359 (= Abrothrix longipilis, incorrect_subsequent_spelling, synonym)", "original description of Habrothrix micropus: Murray, 1866:359 (= Loxodontomys micropus, name_combination, synonym)", "original description of Habrothrix nigrita: Murray, 1866:359 (= Thaptomys nigrita, name_combination, synonym)", "original description of Habrothrix principalis: Murray, 1866:359 (= Kunsia tomentosus, name_combination, synonym)", "original description of Habrothrix xanthopygus: Murray, 1866:359 (= Phyllotis xanthopygus xanthopygus, name_combination, synonym)", "original description of Halitherium (Metaxytherium) Beaumonti Murray, 1866:339 (= Metaxytherium beaumontii, incorrect_subsequent_spelling, synonym)", "original description of Halitherium Guettardi: Murray, 1866:339 (= Halitherium schinzii, name_combination, synonym)", "original description of Halitherium Serresi Murray, 1866:339 (= Metaxytherium serresii, incorrect_subsequent_spelling, synonym)", "original description of Halitherium fossile: Murray, 1866:339 (= Metaxytherium medium, name_combination, synonym)", "original description of Hapale Devillei Murray, 1866:322 (= Saguinus illigeri, incorrect_subsequent_spelling, synonym)", "original description of Hapale Geoffroy Murray, 1866:322 (= Saguinus geoffroyi, incorrect_subsequent_spelling, synonym)", "original description of Hapale Weddelii Murray, 1866:322 (= Saguinus weddellii weddellii, incorrect_subsequent_spelling, synonym)", "original description of Hapale bicolor: Murray, 1866:322 (= Saguinus bicolor, name_combination, synonym)", "original description of Hapale chrysoleucus Murray, 1866:322 (= Mico chrysoleucos, incorrect_subsequent_spelling, synonym)", "original description of Hapale flavifrons: Murray, 1866:322 (= Saguinus fuscicollis fuscicollis, name_combination, synonym)", "original description of Hapale leucocephala: Murray, 1866:322 (= Callithrix geoffroyi, name_combination, synonym)", "original description of Hapale penicillata: Murray, 1866:322 (= Callithrix penicillata, name_combination, synonym)", "original description of Hapale pileata: Murray, 1866:322 (= Saguinus pileatus pileatus, name_combination, synonym)", "original description of Hapale rufiventer: Murray, 1866:322 (= Saguinus labiatus rufiventer, name_combination, synonym)", "original description of Hapale tamarin: Murray, 1866:322 (= Saguinus midas, name_combination, synonym)", "original description of Hapalotis conditor: Murray, 1866:361 (= Leporillus conditor, name_combination, synonym)", "original description of Hapalotis hirsutus: Murray, 1866:361 (= Mesembriomys gouldii gouldii, name_combination, synonym)", "original description of Hapalotis longicaudatus: Murray, 1866:361 (= Notomys longicaudatus, name_combination, synonym)", "original description of Hapalotis penicillatus: Murray, 1866:361 (= Conilurus penicillatus, name_combination, synonym)", "original description of Haplocerus (Nemorhadus) bubalinus: Murray, 1866:332 (= Capricornis sumatraensis thar, name_combination, synonym)", "original description of Haplocerus Christoli Murray, 1866:332 (= Rupicapra rupicapra, incorrect_subsequent_spelling, synonym)", "original description of Haplocerus Goral: Murray, 1866:332 (= Naemorhedus goral goral, name_combination, synonym)", "original description of Haplocerus Sumatrensis: Murray, 1866:332 (= Capricornis sumatraensis sumatraensis, name_combination, synonym)", "original description of Haplocerus Swinhoii: Murray, 1866:332 (= Capricornis swinhoei, name_combination, synonym)", "original description of Haplocerus crispus: Murray, 1866:332 (= Capricornis crispus, name_combination, synonym)", "original description of Haplocerus dichotoma: Murray, 1866:332 (= Procervulus dichotomus, name_combination, synonym)", "original description of Haplocerus rubidus: Murray, 1866:332 (= Capricornis rubidus, name_combination, synonym)", "original description of Haplocerus taxicolor: Murray, 1866:332 (= Budorcas taxicolor taxicolor, name_combination, synonym)", "original description of Harlanus Americanus: Murray, 1866:336 (= Bos bison, name_combination, synonym)", "original description of Harpyia cephalotes: Murray, 1866:345 (= Nyctimene cephalotes cephalotes, name_combination, synonym)", "original description of Hemigalea Boiei: Murray, 1866:325 (= Hemigalus derbyanus boiei, name_combination, synonym)", "original description of Herpestes Grantii: Murray, 1866:325 (= Herpestes sanguineus grantii, name_combination, synonym)", "original description of Herpestes Lefebrii Murray, 1866:326 (= Herpestes sanguineus gracilis, incorrect_subsequent_spelling, synonym)", "original description of Herpestes Maccarthri\u00e6 Murray, 1866:326 (= Urva fusca maccarthiae, incorrect_subsequent_spelling, synonym)", "original description of Herpestes Melleri: Murray, 1866:326 (= Rhynchogale melleri melleri, name_combination, synonym)", "original description of Herpestes Ogilbyi: Murray, 1866:326 (= Paguma larvata ogilbyi, name_combination, synonym)", "original description of Herpestes Vansire: Murray, 1866:326 (= Atilax paludinosus paludinosus, name_combination, synonym)", "original description of Herpestes albescens: Murray, 1866:325 (= Ichneumia albicauda albicauda, name_combination, synonym)", "original description of Herpestes cancrivorus: Murray, 1866:325 (= Urva urva urva, name_combination, synonym)", "original description of Herpestes crassicauda: Murray, 1866:325 (= Bdeogale crassicauda crassicauda, name_combination, synonym)", "original description of Herpestes lepturus: Murray, 1866:326 (= Cynictis penicillata leptura, name_combination, synonym)", "original description of Herpestes nigricauda: Murray, 1866:326 (= Ichneumia albicauda loempo, name_combination, synonym)", "original description of Herpestes nigripes: Murray, 1866:326 (= Bdeogale nigripes, name_combination, synonym)", "original description of Herpestes penicillata: Murray, 1866:326 (= Cynictis penicillata penicillata, name_combination, synonym)", "original description of Herpestes puisus Murray, 1866:326 (= Bdeogale crassicauda puisa, incorrect_subsequent_spelling, synonym)", "original description of Herpestes robustus: Murray, 1866:326 (= Atilax paludinosus robustus, name_combination, synonym)", "original description of Herpestes t\u00e6nionotus Murray, 1866:326 (= Mungos mungo mungo, incorrect_subsequent_spelling, synonym)", "original description of Herpestes venaticus: Murray, 1866:326 (= Herpestes sanguineus cauui, name_combination, synonym)", "original description of Hesperomyin\u00e6 Murray, 1866:358 (= Peromyscini, synonym)", "original description of Hesperomys Bairdii: Murray, 1866:358 (= Peromyscus sonoriensis, name_combination, synonym)", "original description of Hesperomys Gambellii Murray, 1866:358 (= Peromyscus gambelii, incorrect_subsequent_spelling, synonym)", "original description of Hesperomys Nuttallii Murray, 1866:358 (= Ochrotomys nuttalli, incorrect_subsequent_spelling, synonym)", "original description of Hesperomys: Murray, 1866:358 (= Peromyscus, misidentification, synonym)", "original description of Hipparion venustum: Murray, 1866:331 (= Nannippus minor, name_combination, synonym)", "original description of Hippotherium antilopinum Murray, 1866:331 (= Cremohipparion antelopinum, incorrect_subsequent_spelling, synonym)", "original description of Holochilus Brasiliensis: Murray, 1866:359 (= Holochilus brasiliensis, name_combination, synonym)", "original description of Holochilus physodes: Murray, 1866:359 (= Euryoryzomys russatus, name_combination, synonym)", "original description of Holochilus robustus: Murray, 1866:359 (= Nectomys squamipes, name_combination, synonym)", "original description of Holochilus squamipes: Murray, 1866:359 (= Nectomys squamipes, name_combination, synonym)", "original description of Hoplotherium (Cainotherium) commune: Murray, 1866:336 (= Cainotherium commune, name_combination, synonym)", "original description of Hoplotherium (Cainotherium) elegans: Murray, 1866:336 (= Coenotherium elegans, name_combination, synonym)", "original description of Hoplotherium (Cainotherium) gracile: Murray, 1866:336 (= Coenotherium gracile, name_combination, synonym)", "original description of Hoplotherium (Cainotherium) medium: Murray, 1866:336 (= Cainotherium commune, name_combination, synonym)", "original description of Hoplotherium (Cainotherium) minimum: Murray, 1866:336 (= Cainotherium commune, name_combination, synonym)", "original description of Hoplotherium (Cyclognathus) laticurvatum: Murray, 1866:336 (= Cainotherium laticurvatum, name_combination, synonym)", "original description of Hoplotherium (Cyclognathus) metapius Murray, 1866:336 (= Coenotherium metopius, incorrect_subsequent_spelling, synonym)", "original description of Hoplotherium (Hy\u00e6gulus) collotarsus: Murray, 1866:336 (= Amphimeryx collotarsus, name_combination, synonym)", "original description of Hoplotherium (Hy\u00e6gulus) murinus: Murray, 1866:336 (= Amphimeryx murinus, name_combination, synonym)", "original description of Hoplotherium (Microtherium) Curonense: Murray, 1866:336 (= Cainotherium curonense, name_combination, synonym)", "original description of Hoplotherium (Microtherium) Renggeri: Murray, 1866:336 (= Microtherium renggeri, name_combination, synonym)", "original description of Hoplotherium (Microtherium) concinnum: Murray, 1866:336 (= Cainotherium commune, name_combination, synonym)", "original description of Hoplotherium leptognathum: Murray, 1866:336 (= Oplotherium leptognathum, name_combination, synonym)", "original description of Hydroch\u00e6rus sulcidens: Murray, 1866:350 (= Neochoerus sulcidens, name_combination, synonym)", "original description of Hylobates (Siamanga) syndactyla: Murray, 1866:320 (= Symphalangus syndactylus, name_combination, synonym)", "original description of Hyomoschus aquaticus: Murray, 1866:335 (= Hyemoschus aquaticus, name_combination, synonym)", "original description of Hyomoschus crassus: Murray, 1866:335 (= Dorcatherium crassum, name_combination, synonym)", "original description of Hyopotamus annectens: Murray, 1866:337 (= Plagiolophus annectens, name_combination, synonym)", "original description of Hyotherium Meissneri: Murray, 1866:337 (= Hyotherium meissneri, name_combination, synonym)", "original description of Hyotherium Soemmeringi Murray, 1866:337 (= Hyotherium soemmerringii, incorrect_subsequent_spelling, synonym)", "original description of Hypoderma Peronii: Murray, 1866:345 (= Dobsonia peronii peronii, name_combination, synonym)", "original description of Hypsiprymnus Gaimardi: Murray, 1866:364 (= Bettongia gaimardi gaimardi, name_combination, synonym)", "original description of Hypsiprymnus campestris: Murray, 1866:364 (= Caloprymnus campestris, name_combination, synonym)", "original description of Hypsiprymnus penicillatus: Murray, 1866:364 (= Bettongia penicillata, name_combination, synonym)", "original description of Hyrax Abyssinicus Murray, 1866:351 (= Procavia capensis habessinica, incorrect_subsequent_spelling, synonym)", "original description of Hy\u00e6nid\u00e6: Murray, 1866:326 (= Hyaeninae, reranking, synonym)", "original description of Hy\u00e6nodon (Pterodon) brachyrhynchus Murray, 1866:326 (= Hyaenodon brachyrynchus, incorrect_subsequent_spelling, synonym)", "original description of Hy\u00e6nodon (Pterodon) dasyuroides: Murray, 1866:326 (= Pterodon dasyuroides, name_combination, synonym)", "original description of Hy\u00e6nodon (Taxotherium) Parisensis Murray, 1866:326 (= Hyaenodon brachyrynchus, incorrect_subsequent_spelling, synonym)", "original description of Hy\u00e6nodon Requienii Murray, 1866:326 (= Hyaenodon requieni, incorrect_subsequent_spelling, synonym)", "original description of Icticyon venaticus: Murray, 1866:328 (= Speothos venaticus venaticus, name_combination, synonym)", "original description of Inia Amazonica: Murray, 1866:341 (= Inia geoffrensis, name_combination, synonym)", "original description of Innuus (Macacus) arctoides: Murray, 1866:321 (= Macaca arctoides, name_combination, synonym)", "original description of Innuus Cyclopis: Murray, 1866:321 (= Macaca cyclopis, name_combination, synonym)", "original description of Innuus Silenus: Murray, 1866:321 (= Macaca silenus, name_combination, synonym)", "original description of Innuus Sinicus: Murray, 1866:321 (= Macaca sinica sinica, name_combination, synonym)", "original description of Innuus cynomolgus: Murray, 1866:321 (= Macaca fascicularis fascicularis, name_combination, synonym)", "original description of Innuus eocenus Murray, 1866:321 (= Cymbalophus cuniculus, incorrect_subsequent_spelling, synonym)", "original description of Innuus fusco-ater: Murray, 1866:321 (= Macaca maura, name_combination, synonym)", "original description of Innuus pileatus: Murray, 1866:321 (= Simia sinicus pileatus, name_combination, synonym)", "original description of Innuus plioceanus Murray, 1866:321 (= Macaca sylvanus pliocena, incorrect_subsequent_spelling, synonym)", "original description of Innuus speciosus: Murray, 1866:321 (= Macaca fuscata fuscata, name_combination, synonym)", "original description of Ischnoglossa rivalis Murray, 1866:347 (= Leptonycteris nivalis, incorrect_subsequent_spelling, synonym)", "original description of Jaculus Hudsonius: Murray, 1866:361 (= Zapus hudsonius, name_combination, synonym)", "original description of Lagomys Oeningensis: Murray, 1866:352 (= Prolagus oeningensis, name_combination, synonym)", "original description of Lagomys Sansanensis Murray, 1866:352 (= Prolagus oeningensis, incorrect_subsequent_spelling, synonym)", "original description of Lagostomys Murray, 1866:350 (= Lagostomus, incorrect_subsequent_spelling, synonym)", "original description of Lagostomys trichodactylus: Murray, 1866:350 (= Lagostomus maximus, name_combination, synonym)", "original description of Lasiurus Grayii Murray, 1866:348 (= Lasiurus villosissimus grayi, incorrect_subsequent_spelling, synonym)", "original description of Lasiurus suillus: Murray, 1866:348 (= Murina suilla suilla, name_combination, synonym)", "original description of Latax Californica: Murray, 1866:327 (= Lontra felina, name_combination, synonym)", "original description of Leptonyx leopardina: Murray, 1866:330 (= Leptonychotes weddellii, name_combination, synonym)", "original description of Leptotherium major: Murray, 1866:332 (= Leptotherium majus, name_combination, synonym)", "original description of Leptotherium minor: Murray, 1866:332 (= Leptotherium minus, name_combination, synonym)", "original description of Lepus Bachmanni Murray, 1866:352 (= Sylvilagus bachmani bachmani, incorrect_subsequent_spelling, synonym)", "original description of Lepus artemisia Murray, 1866:352 (= Sylvilagus nuttallii nuttallii, incorrect_subsequent_spelling, synonym)", "original description of Lithomys parvidens Murray, 1866:360 (= Eucricetodon gerandianus, incorrect_subsequent_spelling, synonym)", "original description of Loncheres armata: Murray, 1866:351 (= Makalata didelphoides, name_combination, synonym)", "original description of Loncheres bistriata: Murray, 1866:351 (= Isothrix bistriata, name_combination, synonym)", "original description of Loncheres cristata: Murray, 1866:351 (= Echimys chrysurus, name_combination, synonym)", "original description of Loncheres pachyura: Murray, 1866:351 (= Thrichomys pachyurus, name_combination, synonym)", "original description of Loncheres pagurus: Murray, 1866:351 (= Isothrix pagurus, name_combination, synonym)", "original description of Loncheres picta: Murray, 1866:351 (= Callistomys pictus, name_combination, synonym)", "original description of Lophiodon (Tapirulus) hyracinum: Murray, 1866:338 (= Tapirulus hyracinus, name_combination, synonym)", "original description of Lophiodon Cesserassicum Murray, 1866:338 (= Pachynolophus cesserasicus, incorrect_subsequent_spelling, synonym)", "original description of Lophiodon Duvali Murray, 1866:338 (= Pachynolophus duvalii, incorrect_subsequent_spelling, synonym)", "original description of Lophiodon cervulum: Murray, 1866:338 (= Lophiotherium cervulum, name_combination, synonym)", "original description of Lutra Nepalensis: Murray, 1866:328 (= Lutra lutra aurobrunnea, name_combination, synonym)", "original description of Lutra Paraguensis Murray, 1866:328 (= Pteronura brasiliensis paraguaensis, incorrect_subsequent_spelling, synonym)", "original description of Machairodus neog\u00e6us: Murray, 1866:323 (= Smilodon populator, name_combination, synonym)", "original description of Machairodus palmidens: Murray, 1866:323 (= Sansanosmilus palmidens, name_combination, synonym)", "original description of Macropus Derbianus: Murray, 1866:363 (= Notamacropus eugenii derbianus, name_combination, synonym)", "original description of Macropus Goliath Murray, 1866:363 (= Procoptodon goliah, incorrect_subsequent_spelling, synonym)", "original description of Macropus Leichardti: Murray, 1866:364 (= Lagorchestes conspicillatus leichardti, name_combination, synonym)", "original description of Macropus Thetidis: Murray, 1866:364 (= Thylogale thetis, name_combination, synonym)", "original description of Macropus agilis: Murray, 1866:363 (= Notamacropus agilis agilis, name_combination, synonym)", "original description of Macropus antilopinus: Murray, 1866:363 (= Osphranter antilopinus, name_combination, synonym)", "original description of Macropus brachyotus Murray, 1866:363 (= Petrogale brachyotis brachyotis, incorrect_subsequent_spelling, synonym)", "original description of Macropus concinnus: Murray, 1866:363 (= Petrogale concinna concinna, name_combination, synonym)", "original description of Macropus conspicillatus: Murray, 1866:363 (= Lagorchestes conspicillatus conspicillatus, name_combination, synonym)", "original description of Macropus dama: Murray, 1866:363 (= Notamacropus eugenii derbianus, name_combination, synonym)", "original description of Macropus dorsalis: Murray, 1866:363 (= Notamacropus dorsalis, name_combination, synonym)", "original description of Macropus gymnotus Murray, 1866:363 (= Lagorchestes leporides, incorrect_subsequent_spelling, synonym)", "original description of Macropus hirsutus: Murray, 1866:363 (= Lagorchestes hirsutus hirsutus, name_combination, synonym)", "original description of Macropus inornatus: Murray, 1866:363 (= Petrogale inornata, name_combination, synonym)", "original description of Macropus irma: Murray, 1866:363 (= Notamacropus irma, name_combination, synonym)", "original description of Macropus isabellinus: Murray, 1866:364 (= Osphranter robustus isabellinus, name_combination, synonym)", "original description of Macropus leporoides: Murray, 1866:364 (= Lagorchestes leporides, name_combination, synonym)", "original description of Macropus penicillatus: Murray, 1866:364 (= Petrogale penicillata, name_combination, synonym)", "original description of Macropus rufus: Murray, 1866:364 (= Osphranter rufus, name_combination, synonym)", "original description of Macropus stigmaticus: Murray, 1866:364 (= Thylogale stigmatica stigmatica, name_combination, synonym)", "original description of Macropus xanthopus: Murray, 1866:364 (= Petrogale xanthopus xanthopus, name_combination, synonym)", "original description of Macroscelides Edwardsi Murray, 1866:344 (= Elephantulus edwardii, incorrect_subsequent_spelling, synonym)", "original description of Macroscelides tetradactylus: Murray, 1866:344 (= Petrodromus tetradactylus tetradactylus, name_combination, synonym)", "original description of Mastodon (Tetralophodon) Arvarnensis Murray, 1866:339 (= Anancus arvernensis arvernensis, incorrect_subsequent_spelling, synonym)", "original description of Megaderma (C\u0153lops) Frithii: Murray, 1866:346 (= Coelops frithii frithii, name_combination, synonym)", "original description of Megaderma Philippensis Murray, 1866:346 (= Megaderma spasma philippinense, incorrect_subsequent_spelling, synonym)", "original description of Megalonyx Jeffersoni Murray, 1866:341 (= Megalonyx jeffersonii, incorrect_subsequent_spelling, synonym)", "original description of Mellivora Indicus: Murray, 1866:329 (= Mellivora capensis indica, name_combination, synonym)", "original description of Mephitis mephitica: Murray, 1866:329 (= Mephitis mephitis mephitis, name_combination, synonym)", "original description of Meriones Africanus: Murray, 1866:361 (= Gerbilliscus afer, name_combination, synonym)", "original description of Meriones Burtoni: Murray, 1866:361 (= Gerbillus burtoni, name_combination, synonym)", "original description of Meriones Cuvieri: Murray, 1866:361 (= Tatera indica, name_combination, synonym)", "original description of Meriones Gerbii: Murray, 1866:361 (= Gerbillus campestris, name_combination, synonym)", "original description of Meriones Indicus: Murray, 1866:361 (= Tatera indica, name_combination, synonym)", "original description of Meriones Schousb\u0153ii: Murray, 1866:361 (= Meriones libycus, name_combination, synonym)", "original description of Meriones Selysii: Murray, 1866:361 (= Meriones shawii, name_combination, synonym)", "original description of Meriones Shawi Murray, 1866:361 (= Meriones shawii, incorrect_subsequent_spelling, synonym)", "original description of Meriones auricularis: Murray, 1866:361 (= Desmodillus auricularis, name_combination, synonym)", "original description of Meriones brevicaudatus: Murray, 1866:361 (= Desmodillus auricularis, name_combination, synonym)", "original description of Meriones campestris: Murray, 1866:361 (= Gerbillus campestris, name_combination, synonym)", "original description of Meriones minutus: Murray, 1866:361 (= Gerbillus campestris, name_combination, synonym)", "original description of Meriones montanus: Murray, 1866:361 (= Gerbilliscus brantsii, name_combination, synonym)", "original description of Meriones obesus: Murray, 1866:361 (= Psammomys obesus, name_combination, synonym)", "original description of Meriones otarius: Murray, 1866:361 (= Tatera indica, name_combination, synonym)", "original description of Meriones pygargus: Murray, 1866:361 (= Taterillus pygargus, name_combination, synonym)", "original description of Meriones pyramidum: Murray, 1866:361 (= Gerbillus pyramidum, name_combination, synonym)", "original description of Merycopotamus dissimilis: Murray, 1866:337 (name_combination, synonym)", "original description of Microlestid\u00e6 Murray, 1866:xvi, 364 (= Haramiyidae, synonym)", "original description of Micromys Aymardi: Murray, 1866:360 (= Micromys minutus, name_combination, synonym)", "original description of Miniopterus Australis: Murray, 1866:347 (= Miniopterus australis australis, name_combination, synonym)", "original description of Miniopterus blepotis: Murray, 1866:347 (= Miniopterus fuliginosus, name_combination, synonym)", "original description of Miniopterus scotinus: Murray, 1866:347 (= Miniopterus natalensis, name_combination, synonym)", "original description of Miniopterus tibialis: Murray, 1866:347 (= Miniopterus australis tibialis, name_combination, synonym)", "original description of Monodactyla Murray, 1866:331 (= Hippomorpha, synonym)", "original description of Monodon monocerus: Murray, 1866:341 (= Monodon monoceros, name_combination, synonym)", "original description of Mormopterus jugularis: Murray, 1866:347 (name_combination, synonym)", "original description of Mus Abotti Murray, 1866:359 (= Mus abbottii, incorrect_subsequent_spelling, synonym)", "original description of Mus Algiricus Murray, 1866:359 (= Apodemus sylvaticus, incorrect_subsequent_spelling, synonym)", "original description of Mus Allani Murray, 1866:359 (= Hylomyscus alleni, incorrect_subsequent_spelling, synonym)", "original description of Mus Andamensis Murray, 1866:359 (= Rattus andamanensis, incorrect_subsequent_spelling, synonym)", "original description of Mus Ellioti: Murray, 1866:359 (= Golunda ellioti, name_combination, synonym)", "original description of Mus Gerardianus Murray, 1866:359 (= Eucricetodon gerandianus, incorrect_subsequent_spelling, synonym)", "original description of Mus Hovelli Murray, 1866:360 (= Mus hovellii, incorrect_subsequent_spelling, synonym)", "original description of Mus meltada: Murray, 1866:360 (= Millardia meltada, name_combination, synonym)", "original description of Mus pulchellus: Murray, 1866:360 (= Lemniscomys striatus, name_combination, synonym)", "original description of Mus \u00e6quicaudatus Murray, 1866:359 (= Rattus nitidus, incorrect_subsequent_spelling, synonym)", "original description of Muscardinus mumbyanus: Murray, 1866:352 (= Eliomys munbyanus, name_combination, synonym)", "original description of Mustela Eversmannii: Murray, 1866:328 (= Mustela eversmanii eversmanii, name_combination, synonym)", "original description of Mustela Kanei Murray, 1866:328 (= Mustela erminea kaneii, incorrect_subsequent_spelling, synonym)", "original description of Mustela Noveboracensis: Murray, 1866:328 (= Neogale frenata noveboracensis, name_combination, synonym)", "original description of Mustela Toufaeus: Murray, 1866:328 (= Martes foina toufoea, name_combination, synonym)", "original description of Mustela dubia: Murray, 1866:328 (= Lartetictis dubia, name_combination, synonym)", "original description of Mustela elegans: Murray, 1866:328 (= Plesictis elegans, name_combination, synonym)", "original description of Mustela nigrescens: Murray, 1866:328 (= Neogale vison vison, name_combination, synonym)", "original description of Mustela nigripes: Murray, 1866:328 (name_combination, synonym)", "original description of Mustela plesictes Murray, 1866:328 (= Plesictis plesictis, incorrect_subsequent_spelling, synonym)", "original description of Mustela putoria Murray, 1866:328 (= Mustela putorius putorius, incorrect_subsequent_spelling, synonym)", "original description of Mycetes niger: Murray, 1866:322 (= Alouatta caraya, name_combination, synonym)", "original description of Mydaus taxoides: Murray, 1866:328 (= Arctonyx albogularis albogularis, name_combination, synonym)", "original description of Myodes Obensis: Murray, 1866:357 (= Lemmus sibiricus, name_combination, synonym)", "original description of Myodes bicolor: Murray, 1866:357 (= Clethrionomys glareolus, name_combination, synonym)", "original description of Myodes lagurus: Murray, 1866:357 (= Lagurus lagurus lagurus, name_combination, synonym)", "original description of Myodes torquatus: Murray, 1866:357 (= Dicrostonyx torquatus torquatus, name_combination, synonym)", "original description of Myogale Pyrenaica: Murray, 1866:344 (= Galemys pyrenaicus pyrenaicus, name_combination, synonym)", "original description of Myogale Sansanensis Murray, 1866:344 (= Proscapanus sansaniensis, incorrect_subsequent_spelling, synonym)", "original description of Myoictis Wallacei Murray, 1866:363 (= Myoictis wallacii, incorrect_subsequent_spelling, synonym)", "original description of Myoxomys Salvinii: Murray, 1866:358 (= Nyctomys sumichrasti, name_combination, synonym)", "original description of Mystromys albicaudatus: Murray, 1866:361 (name_combination, synonym)", "original description of Mystromys lanuginosus: Murray, 1866:361 (= Mystromys albicaudatus, name_combination, synonym)", "original description of Mystromys typicus: Murray, 1866:361 (= Otomys auratus, name_combination, synonym)", "original description of Nesodon Sullivani Murray, 1866:338 (= Nesodon imbricatus, incorrect_subsequent_spelling, synonym)", "original description of Nesodontid\u00e6 Murray, 1866:xiii, 168, 338 (= Nesodontinae)", "original description of Noctilio leporina: Murray, 1866:347 (= Noctilio leporinus leporinus, name_combination, synonym)", "original description of Non-Ruminantia Murray, 1866:336 (= Artiofabula, synonym)", "original description of Nototherium Mitchellii Murray, 1866:363 (= Nototherium mitchelli, incorrect_subsequent_spelling, synonym)", "original description of Nyctellus Murray, 1866:347 (= Nyctiellus, incorrect_subsequent_spelling, synonym)", "original description of Nyctellus lepidus: Murray, 1866:347 (= Nyctiellus lepidus, name_combination, synonym)", "original description of Nycticejus Australis: Murray, 1866:348 (= Chalinolobus morio, name_combination, synonym)", "original description of Nycticejus Dingana Murray, 1866:348 (= Scotophilus dinganii dinganii, incorrect_subsequent_spelling, synonym)", "original description of Nycticejus Sicula: Murray, 1866:348 (= Atalapha sicula, name_combination, synonym)", "original description of Nycticejus crespuscularis Murray, 1866:348 (= Nycticeius humeralis humeralis, incorrect_subsequent_spelling, synonym)", "original description of Nycticejus macrotus: Murray, 1866:348 (= Histiotus macrotus, name_combination, synonym)", "original description of Nycticejus pumilus: Murray, 1866:348 (= Vespadelus pumilus, name_combination, synonym)", "original description of Nyctophilus Gouldii Murray, 1866:346 (= Nyctophilus gouldi, incorrect_subsequent_spelling, synonym)", "original description of Nyctophilus Timoriensis: Murray, 1866:346 (= Nyctophilus timoriensis, name_combination, synonym)", "original description of Ochotherium giganteum Murray, 1866:341 (= Valgipes bucklandii, incorrect_subsequent_spelling, synonym)", "original description of Octodon Bridgesi Murray, 1866:350 (= Octodon bridgesii, incorrect_subsequent_spelling, synonym)", "original description of Onychomys leucogaster: Murray, 1866:358 (name_combination, synonym)", "original description of Oreotragus melanotis: Murray, 1866:333 (= Raphicerus melanotis, name_combination, synonym)", "original description of Orycteropi: Murray, 1866:227 (= Orycteropodidae, reranking, synonym)", "original description of Orycterotherium Missuriense Murray, 1866:341 (= Paramylodon harlani, incorrect_subsequent_spelling, synonym)", "original description of Orycterotherium robustus: Murray, 1866:341 (= Glossotherium robustum, name_combination, synonym)", "original description of Oryx oryx: Murray, 1866:333 (= Oryx gazella, name_combination, synonym)", "original description of Oryzomys palustris: Murray, 1866:358 (name_combination, synonym)", "original description of Otolemur Agisambanus Murray, 1866:323 (= Otolemur garnettii garnettii, incorrect_subsequent_spelling, synonym)", "original description of Otomys Brantsii: Murray, 1866:361 (= Parotomys brantsii, name_combination, synonym)", "original description of Oxymycterus Peruvianus: Murray, 1866:359 (= Mus musculus domesticus, name_combination, synonym)", "original description of Oxymycterus rufus: Murray, 1866:359 (name_combination, synonym)", "original description of Oxymycterus scalops: Murray, 1866:359 (= Chelemys megalonyx, name_combination, synonym)", "original description of Oxymycterus tumidus: Murray, 1866:359 (= Scapteromys tumidus, name_combination, synonym)", "original description of Pal\u00e6omeryx Bojani: Murray, 1866:336 (= Palaeomeryx kaupi, name_combination, synonym)", "original description of Pal\u00e6omeryx Cusanus: Murray, 1866:336 (= Procapreolus cusanus, name_combination, synonym)", "original description of Pal\u00e6omeryx Issiodorensis: Murray, 1866:336 (= Praeelaphus perrieri, name_combination, synonym)", "original description of Pal\u00e6omeryx Pierrieri Murray, 1866:336 (= Praeelaphus perrieri, incorrect_subsequent_spelling, synonym)", "original description of Pal\u00e6omeryx Scheuchzerii Murray, 1866:336 (= Palaeomeryx scheuchzeri, incorrect_subsequent_spelling, synonym)", "original description of Pal\u00e6omeryx ardeus: Murray, 1866:335 (= Arvernoceros ardei, name_combination, synonym)", "original description of Pal\u00e6omeryx aurelianensis: Murray, 1866:335 (= Procervulus aurelianensis, name_combination, synonym)", "original description of Pal\u00e6omeryx ramosus: Murray, 1866:336 (= Croizetoceros ramosus, name_combination, synonym)", "original description of Pal\u00e6onictis gigantea: Murray, 1866:326 (= Palaeonictis gigantea, name_combination, synonym)", "original description of Pal\u00e6otherium Argentonicum: Murray, 1866:337 (= Propalaeotherium argentonicum, name_combination, synonym)", "original description of Peragalea lagotis: Murray, 1866:364 (= Macrotis lagotis lagotis, name_combination, synonym)", "original description of Petaurus ariel: Murray, 1866:363 (name_combination, synonym)", "original description of Phacoch\u00e6rus Aethiopicus: Murray, 1866:336 (= Phacochoerus aethiopicus aethiopicus, name_combination, synonym)", "original description of Phacoch\u00e6rus Murray, 1866:164, 336 (= Phacochoerus, unjustified_emendation, synonym)", "original description of Phalangista lanuginosa Murray, 1866:363 (= Pseudocheirus peregrinus peregrinus, incorrect_subsequent_spelling, synonym)", "original description of Phascalarctos Murray, 1866:363 (= Phascolarctos, incorrect_subsequent_spelling, synonym)", "original description of Phascalarctos cinereus: Murray, 1866:363 (= Phascolarctos cinereus cinereus, name_combination, synonym)", "original description of Phascogale calura Murray, 1866:362 (= Phascogale calurus, incorrect_subsequent_spelling, synonym)", "original description of Phascogales: Murray, 1866:362 (= Phascogalinae, reranking, synonym)", "original description of Phascolotherium Bucklandi: Murray, 1866:363 (= Phascolotherium bucklandi, name_combination, synonym)", "original description of Phl\u0153omys Cummingii Murray, 1866:361 (= Phloeomys cumingi, incorrect_subsequent_spelling, synonym)", "original description of Phoca Lachtak Murray, 1866:330 (= Erignathus barbatus, incorrect_subsequent_spelling, synonym)", "original description of Phoc\u00e6na (Physalus) globiceps: Murray, 1866:340 (= Globicephala melas melas, name_combination, synonym)", "original description of Phoc\u00e6na Heavisidii: Murray, 1866:340 (= Cephalorhynchus heavisidii, name_combination, synonym)", "original description of Phoc\u00e6na Indicus: Murray, 1866:340 (= Globicephala macrorhynchus, name_combination, synonym)", "original description of Phoc\u00e6na affinis: Murray, 1866:340 (= Globicephala melas, name_combination, synonym)", "original description of Phoc\u00e6na incrassatus: Murray, 1866:340 (= Globicephala melas melas, name_combination, synonym)", "original description of Phoc\u00e6na meridionalis: Murray, 1866:340 (= Pseudorca crassidens, name_combination, synonym)", "original description of Phoc\u00e6na spinipennis Murray, 1866:340 (= Phocoena spinipinnis, incorrect_subsequent_spelling, synonym)", "original description of Phyllorhina Labuanensis: Murray, 1866:345 (= Hipposideros cervinus labuanensis, name_combination, synonym)", "original description of Phyllorhina cineraceus: Murray, 1866:345 (= Hipposideros cineraceus cineraceus, name_combination, synonym)", "original description of Phyllorhina gigas: Murray, 1866:345 (= Macronycteris gigas, name_combination, synonym)", "original description of Phyllorhina murinus: Murray, 1866:345 (= Hipposideros fulvus fulvus, name_combination, synonym)", "original description of Phyllostoma Azteca: Murray, 1866:346 (= Carollia perspicillata azteca, name_combination, synonym)", "original description of Phyllostoma auricularis: Murray, 1866:346 (= Mimon bennettii, name_combination, synonym)", "original description of Phyllostoma auritum: Murray, 1866:346 (= Chrotopterus auritus, name_combination, synonym)", "original description of Physeter Krefftii: Murray, 1866:340 (= Physeter macrocephalus, name_combination, synonym)", "original description of Pithecia Miriquoina Murray, 1866:322 (= Aotus azarae azarae, incorrect_subsequent_spelling, synonym)", "original description of Pithecia nigra: Murray, 1866:322 (= Cebus niger, name_combination, synonym)", "original description of Plagiaulax Becclesii Murray, 1866:364 (= Plagiaulax becklesii, incorrect_subsequent_spelling, synonym)", "original description of Platycerus Murray, 1866:334 (= Dama, incorrect_subsequent_spelling, synonym)", "original description of Plesiogale ardea: Murray, 1866:328 (= Martellictis ardea, name_combination, synonym)", "original description of Plesiogale sectoria: Murray, 1866:328 (= Palaeogale sectoria, name_combination, synonym)", "original description of Pontotherium Appenninum Murray, 1866:339 (= Metaxytherium subapenninum, incorrect_subsequent_spelling, synonym)", "original description of Potamoch\u00e6rus Africanus: Murray, 1866:336 (= Potamochoerus larvatus koiropotamus, name_combination, synonym)", "original description of Potamoch\u00e6rus Murray, 1866:164, 336 (= Potamochoerus, unjustified_emendation, synonym)", "original description of Potamoch\u00e6rus larvatus: Murray, 1866:336 (= Potamochoerus larvatus larvatus, name_combination, synonym)", "original description of Potamoch\u00e6rus penicillatus: Murray, 1866:336 (= Potamochoerus porcus, name_combination, synonym)", "original description of Potamogale velox: Murray, 1866:344 (name_combination, synonym)", "original description of Po\u00ebbrotherium Wilsonii Murray, 1866:335 (= Poebrotherium wilsoni, incorrect_subsequent_spelling, synonym)", "original description of Prosimia rubriventer: Murray, 1866:323 (= Eulemur rubriventer, name_combination, synonym)", "original description of Protocyon troglodotes Murray, 1866:326 (= Protocyon troglodytes, incorrect_subsequent_spelling, synonym)", "original description of Protocyon validus: Murray, 1866:326 (= Protocyon troglodytes, name_combination, synonym)", "original description of Pseudailurus Murray, 1866:324 (= Pseudaelurus, incorrect_subsequent_spelling, synonym)", "original description of Pseudailurus quadridentatus: Murray, 1866:324 (= Pseudaelurus quadridentatus, name_combination, synonym)", "original description of Pteromys (Pteromys) cinerascens Murray, 1866:354 (= Petaurista philippensis cineraceus, incorrect_subsequent_spelling, synonym)", "original description of Pteromys (Pteromys) griseoventer Murray, 1866:354 (= Petaurista philippensis philippensis, incorrect_subsequent_spelling, synonym)", "original description of Pteromys (Sciuropterus) Baberi: Murray, 1866:354 (= Eoglaucomys fimbriatus baberi, name_combination, synonym)", "original description of Pteromys (Sciuropterus) Kaleensis: Murray, 1866:354 (= Belomys pearsonii pearsonii, name_combination, synonym)", "original description of Pteromys (Sciuropterus) Layardi: Murray, 1866:354 (= Petinomys fuscocapillus, name_combination, synonym)", "original description of Pteromys (Sciuropterus) Phayrei: Murray, 1866:354 (= Hylopetes phayrei, name_combination, synonym)", "original description of Pteromys (Sciuropterus) fuscocapillus: Murray, 1866:354 (= Petinomys fuscocapillus, name_combination, synonym)", "original description of Pteromys (Sciuropterus) spadiceus: Murray, 1866:354 (= Hylopetes spadiceus spadiceus, name_combination, synonym)", "original description of Pteromys (Sciuropterus) villosus: Murray, 1866:354 (= Belomys pearsonii pearsonii, name_combination, synonym)", "original description of Pteropus MacDonaldii: Murray, 1866:345 (= Notopteris macdonaldii, name_combination, synonym)", "original description of Pteropus Mackloti Murray, 1866:345 (= Acerodon macklotii macklotii, incorrect_subsequent_spelling, synonym)", "original description of Pteropus Marianus Murray, 1866:345 (= Pteropus mariannus mariannus, incorrect_subsequent_spelling, synonym)", "original description of Pteropus Scherzeri: Murray, 1866:345 (= Cynopterus sphinx scherzeri, name_combination, synonym)", "original description of Pteropus ecaudatus: Murray, 1866:345 (= Megaerops ecaudatus, name_combination, synonym)", "original description of Pteropus giganteus: Murray, 1866:345 (= Pteropus vampyrus vampyrus, name_combination, synonym)", "original description of Pterura Sanbachi Murray, 1866:327 (= Pteronura brasiliensis brasiliensis, incorrect_subsequent_spelling, synonym)", "original description of Redunca Singsing: Murray, 1866:333 (= Kobus ellipsiprymnus defassa, name_combination, synonym)", "original description of Redunca ellipsiprymna: Murray, 1866:333 (= Kobus ellipsiprymnus ellipsiprymnus, name_combination, synonym)", "original description of Redunca hastata: Murray, 1866:333 (= Ourebia ourebi hastata, name_combination, synonym)", "original description of Redunca leucotis: Murray, 1866:333 (= Kobus kob leucotis, name_combination, synonym)", "original description of Redunca montana: Murray, 1866:333 (= Ourebia ourebi goslingi, name_combination, synonym)", "original description of Redunca redunca: Murray, 1866:333 (= Redunca redunca redunca, name_combination, synonym)", "original description of Redunca scoparia: Murray, 1866:333 (= Ourebia ourebi ourebi, name_combination, synonym)", "original description of Redunca unctuosa: Murray, 1866:333 (= Kobus ellipsiprymnus unctuosus, name_combination, synonym)", "original description of Rhinoceros Cimorrhensis Murray, 1866:338 (= Alicornops simorrensis, incorrect_subsequent_spelling, synonym)", "original description of Rhinoceros Nebrascensis Murray, 1866:338 (= Hyracodon nebraskensis, incorrect_subsequent_spelling, synonym)", "original description of Rhinolophus Lauderi Murray, 1866:346 (= Rhinolophus landeri, incorrect_subsequent_spelling, synonym)", "original description of Rhinopoma macrophyllum Murray, 1866:347 (= Rhinopoma microphyllum, incorrect_subsequent_spelling, synonym)", "original description of Rhizomys splendens: Murray, 1866:357 (= Tachyoryctes splendens, name_combination, synonym)", "original description of Rhytina Stelleri: Murray, 1866:339 (= Hydrodamalis gigas, name_combination, synonym)", "original description of Rhyz\u00e6na suricata: Murray, 1866:326 (= Suricata suricatta suricatta, name_combination, synonym)", "original description of Scelidotherium Blainvillei Murray, 1866:341 (= Catonyx cuvieri, incorrect_subsequent_spelling, synonym)", "original description of Scelidotherium Brongniartii: Murray, 1866:341 (= Catonyx cuvieri, name_combination, synonym)", "original description of Scelidotherium minutus: Murray, 1866:341 (= Scelidotherium minutum, name_combination, synonym)", "original description of Sciurus Blandfordii Murray, 1866:353 (= Callosciurus phayrei, incorrect_subsequent_spelling, synonym)", "original description of Sciurus Clellandii Murray, 1866:353 (= Tamiops mcclellandii, incorrect_subsequent_spelling, synonym)", "original description of Sciurus Colli\u00e6ii Murray, 1866:353 (= Sciurus colliaei colliaei, incorrect_subsequent_spelling, synonym)", "original description of Sciurus Elphinstonei Murray, 1866:353 (= Ratufa indica indica, incorrect_subsequent_spelling, synonym)", "original description of Sciurus Feignouxii Murray, 1866:353 (= Palaeosciurus feignouxi, incorrect_subsequent_spelling, synonym)", "original description of Sciurus Fremontii Murray, 1866:353 (= Tamiasciurus fremonti fremonti, incorrect_subsequent_spelling, synonym)", "original description of Sciurus Gerrardii Murray, 1866:353 (= Sciurus granatensis granatensis, incorrect_subsequent_spelling, synonym)", "original description of Sciurus Philippensis: Murray, 1866:354 (= Sundasciurus philippinensis, name_combination, synonym)", "original description of Sciurus Plantanii Murray, 1866:354 (= Callosciurus notatus notatus, incorrect_subsequent_spelling, synonym)", "original description of Sciurus Pyladei: Murray, 1866:354 (= Sciurus variegatoides variegatoides, name_combination, synonym)", "original description of Sciurus Sansanensis Murray, 1866:354 (= Albanensia sansaniensis, incorrect_subsequent_spelling, synonym)", "original description of Sciurus rufobrachiatum: Murray, 1866:354 (= Heliosciurus rufobrachium rufobrachium, name_combination, synonym)", "original description of Scotophili: Murray, 1866:238 (= Scotophilini, reranking, synonym)", "original description of Scotophilus Hodgsonii Murray, 1866:348 (= Scotophilus hodgsoni, incorrect_subsequent_spelling, synonym)", "original description of Scotophilus ferrugineus: Murray, 1866:348 (= Nyctalus lasiopterus, name_combination, synonym)", "original description of Scotophilus fuscus: Murray, 1866:348 (= Eptesicus fuscus fuscus, name_combination, synonym)", "original description of Scotophilus innoxius: Murray, 1866:348 (= Neoeptesicus innoxius, name_combination, synonym)", "original description of Scotophilus noctivagans: Murray, 1866:348 (= Lasionycteris noctivagans, name_combination, synonym)", "original description of Scotophilus pachyonix Murray, 1866:348 (= Cnephaeus pachyomus pachyomus, incorrect_subsequent_spelling, synonym)", "original description of Scotophilus velatus: Murray, 1866:348 (= Histiotus velatus, name_combination, synonym)", "original description of Semnopithecus hypoleucus Murray, 1866:320 (= Semnopithecus hypoleucos hypoleucos, incorrect_subsequent_spelling, synonym)", "original description of Semnopithecus nasicus: Murray, 1866:320 (= Nasalis larvatus, name_combination, synonym)", "original description of Semnopithecus ursinus: Murray, 1866:320 (= Semnopithecus vetulus monticola, name_combination, synonym)", "original description of Sibbaldius microcephala: Murray, 1866:340 (= Balaenoptera acutorostrata, name_combination, synonym)", "original description of Sibbaldius musculus: Murray, 1866:340 (= Balaenoptera musculus musculus, name_combination, synonym)", "original description of Sibbaldius rostrata: Murray, 1866:340 (= Balaenoptera acutorostrata, name_combination, synonym)", "original description of Simia bicolor: Murray, 1866:320 (= Pongo abelii, name_combination, synonym)", "original description of Smilocamptus Bourgueti Murray, 1866:341 (= Squalodon grateloupii, incorrect_subsequent_spelling, synonym)", "original description of Sminthin\u00e6: Murray, 1866:360 (= Sminthidae, reranking, synonym)", "original description of Sminthus subtilis: Murray, 1866:360 (= Sicista subtilis, name_combination, synonym)", "original description of Solenodon paradoxurus Murray, 1866:344 (= Solenodon paradoxus paradoxus, incorrect_subsequent_spelling, synonym)", "original description of Sorex Desnoyersanus Murray, 1866:344 (= Miosorex desnoyersianus, incorrect_subsequent_spelling, synonym)", "original description of Sorex Himalayicus: Murray, 1866:343 (= Chimarrogale himalayica, name_combination, synonym)", "original description of Sorex Hoyii Murray, 1866:343 (= Sorex hoyi hoyi, incorrect_subsequent_spelling, synonym)", "original description of Sorex Kelaartii Murray, 1866:343 (= Suncus montanus, incorrect_subsequent_spelling, synonym)", "original description of Sorex Najadum Murray, 1866:344 (= Mygale nayadum, incorrect_subsequent_spelling, synonym)", "original description of Sorex Prevostanus Murray, 1866:344 (= Lartetium prevostianum, incorrect_subsequent_spelling, synonym)", "original description of Sorex Sansanensis Murray, 1866:344 (= Dinosorex sansaniensis, incorrect_subsequent_spelling, synonym)", "original description of Sorex Trowbridgei Murray, 1866:343 (= Sorex trowbridgii trowbridgii, incorrect_subsequent_spelling, synonym)", "original description of Sorex agilis: Murray, 1866:343 (= Crocidura pachyura, name_combination, synonym)", "original description of Sorex annellatus: Murray, 1866:343 (= Crocidura hirta, name_combination, synonym)", "original description of Sorex arvernensis: Murray, 1866:344 (= Mygale nayadum, name_combination, synonym)", "original description of Sorex brachygnathus Murray, 1866:344 (= Sorex brachygnatus, incorrect_subsequent_spelling, synonym)", "original description of Sorex canescens: Murray, 1866:343 (= Crocidura hirta, name_combination, synonym)", "original description of Sorex hirtus: Murray, 1866:343 (= Crocidura hirta, name_combination, synonym)", "original description of Sorex morio: Murray, 1866:343 (= Sylvisorex morio, name_combination, synonym)", "original description of Sorex purpurascens: Murray, 1866:344 (= Scalopus aquaticus aquaticus, name_combination, synonym)", "original description of Sorex sacralis: Murray, 1866:344 (= Crocidura hirta, name_combination, synonym)", "original description of Spalacopus noctivagus: Murray, 1866:350 (= Spalacopus cyanus cyanus, name_combination, synonym)", "original description of Spermophilus grammarus Murray, 1866:355 (= Otospermophilus variegatus grammurus, incorrect_subsequent_spelling, synonym)", "original description of Squalodon Bariense: Murray, 1866:341 (= Squalodon grateloupii, name_combination, synonym)", "original description of Squalodon Grateloupe Murray, 1866:341 (= Squalodon grateloupii, incorrect_subsequent_spelling, synonym)", "original description of Stenoderma Chilense: Murray, 1866:347 (= Sturnira lilium, name_combination, synonym)", "original description of Stereodelphus Murray, 1866:340 (= Stereodelphis, incorrect_subsequent_spelling, synonym)", "original description of Stereodelphus brevidens: Murray, 1866:340 (= Delphinus brevidens, name_combination, synonym)", "original description of Stereognathid\u00e6 Murray, 1866:364 (= Tritylodontidae, synonym)", "original description of Stereognathus soliticus Murray, 1866:364 (= Stereognathus ooliticus, incorrect_subsequent_spelling, synonym)", "original description of Sturnira Chilense: Murray, 1866:346 (= Sturnira lilium, name_combination, synonym)", "original description of Sus Andamensis Murray, 1866:336 (= Sus domesticus, incorrect_subsequent_spelling, synonym)", "original description of Talpin\u00e6: Murray, 1866:319 (= Talpini, reranking, synonym)", "original description of Tamias Pallasii Murray, 1866:355 (= Eutamias sibiricus sibiricus, incorrect_subsequent_spelling, synonym)", "original description of Thomomys borealis: Murray, 1866:357 (= Thomomys talpoides talpoides, name_combination, synonym)", "original description of Thomomys bulbivorus: Murray, 1866:357 (= Megascapheus bulbivorus, name_combination, synonym)", "original description of Thomomys fulvus: Murray, 1866:357 (= Megascapheus fulvus fulvus, name_combination, synonym)", "original description of Thomomys talpoides: Murray, 1866:357 (= Thomomys talpoides talpoides, name_combination, synonym)", "original description of Thomomys umbrinus: Murray, 1866:357 (= Megascapheus umbrinus umbrinus, name_combination, synonym)", "original description of Thylacotherium (Amphilestes) Broderipii: Murray, 1866:364 (= Amphilestes broderipii, name_combination, synonym)", "original description of Titanotherium Proutii: Murray, 1866:338 (= Menodus giganteus, name_combination, synonym)", "original description of Trachytherium Rankini Murray, 1866:339 (= Trachytherium raulinii, incorrect_subsequent_spelling, synonym)", "original description of Trachytherium mastodontoideus: Murray, 1866:339 (= Sus mastodontoideus, name_combination, synonym)", "original description of Tragelaphus Angassii Murray, 1866:333 (= Tragelaphus angasii, incorrect_subsequent_spelling, synonym)", "original description of Tragelaphus strepsiceros: Murray, 1866:333 (= Tragelaphus strepsiceros strepsiceros, name_combination, synonym)", "original description of Tragulus Meyeri: Murray, 1866:335 (= Moschus meyeri, name_combination, synonym)", "original description of Trichechus Virginianus: Murray, 1866:330 (= Odobenus rosmarus rosmarus, name_combination, synonym)", "original description of Tylodon Hombresi Murray, 1866:329 (= Tylodon hombresii, incorrect_subsequent_spelling, synonym)", "original description of Vespertilio Bechsteini: Murray, 1866:349 (= Myotis bechsteinii, name_combination, synonym)", "original description of Vespertilio Berdmorei: Murray, 1866:349 (= Myotis hasseltii continentis, name_combination, synonym)", "original description of Vespertilio Darwinii Murray, 1866:349 (= Hypsugo savii savii, incorrect_subsequent_spelling, synonym)", "original description of Vespertilio Geoffroyi: Murray, 1866:349 (= Nyctophilus geoffroyi geoffroyi, name_combination, synonym)", "original description of Vespertilio Lecontei Murray, 1866:349 (= Corynorhinus rafinesquii macrotis, incorrect_subsequent_spelling, synonym)", "original description of Vespertilio Nicobaricus: Murray, 1866:349 (= Alionoctula coromandra, name_combination, synonym)", "original description of Vespertilio Ruppellii Murray, 1866:349 (= Vansonia rueppellii rueppellii, incorrect_subsequent_spelling, synonym)", "original description of Vespertilio Theobaldi: Murray, 1866:350 (= Myotis theobaldi, name_combination, synonym)", "original description of Vespertilio Townsendi: Murray, 1866:350 (= Corynorhinus townsendii townsendii, name_combination, synonym)", "original description of Vespertilio akokomale Murray, 1866:348 (= Alionoctula abramus, incorrect_subsequent_spelling, synonym)", "original description of Vespertilio epichrysis Murray, 1866:349 (= Scotophilus dinganii, incorrect_subsequent_spelling, synonym)", "original description of Vespertilio formosus: Murray, 1866:349 (= Myotis formosus formosus, name_combination, synonym)", "original description of Vespertilio fuliginosus: Murray, 1866:349 (= Miniopterus fuliginosus, name_combination, synonym)", "original description of Vespertilio limbatus: Murray, 1866:349 (= Mops pumilus, name_combination, synonym)", "original description of Vespertilio maurus: Murray, 1866:349 (= Hypsugo savii savii, name_combination, synonym)", "original description of Vespertilio microdon: Murray, 1866:349 (= Chalinolobus morio, name_combination, synonym)", "original description of Vespertilio nigrogriseus: Murray, 1866:349 (= Chalinolobus nigrogriseus nigrogriseus, name_combination, synonym)", "original description of Vespertilio pachomus Murray, 1866:349 (= Cnephaeus pachyomus pachyomus, incorrect_subsequent_spelling, synonym)", "original description of Vespertilio pallidus: Murray, 1866:349 (= Myotis formosus formosus, name_combination, synonym)", "original description of Vespertilio parvipes: Murray, 1866:349 (= Alionoctula coromandra, name_combination, synonym)", "original description of Vespertilio picatus: Murray, 1866:349 (= Chalinolobus picatus, name_combination, synonym)", "original description of Vespertilio \u00e6rosa: Murray, 1866:348 (= Phoniscus aerosus, name_combination, synonym)", "original description of Viverra Richardsoni: Murray, 1866:325 (= Poiana richardsonii richardsonii, name_combination, synonym)", "original description of Viverra Sansanensis Murray, 1866:325 (= Semigenetta sansaniensis, incorrect_subsequent_spelling, synonym)", "original description of Viverra pardicolor: Murray, 1866:325 (= Prionodon pardicolor pardicolor, name_combination, synonym)", "original description of Viverra pardina: Murray, 1866:325 (= Genetta pardina, name_combination, synonym)", "original description of Viverra pardochrous: Murray, 1866:325 (= Prionodon pardicolor pardicolor, name_combination, synonym)", "original description of Vulpes Parisiensis: Murray, 1866:327 (= Canis parisiensis, name_combination, synonym)", "original description of Vulpes Zerda: Murray, 1866:327 (= Vulpes zerda, name_combination, synonym)", "original description of Vulpes gypsorum: Murray, 1866:327 (= Canis gypsorum, name_combination, synonym)", "original description of Xeri Murray, 1866:256 (= Xerina)", "original description of Xerus marabutus: Murray, 1866:353 (= Euxerus erythropus erythropus, name_combination, synonym)", "original description of Xerus ocularis: Murray, 1866:353 (= Graphiurus ocularis, name_combination, synonym)", "original description of Xerus prestigiator: Murray, 1866:353 (= Euxerus erythropus erythropus, name_combination, synonym)", "original description of Xerus rutilus: Murray, 1866:353 (= Xerus rutilus rutilus, name_combination, synonym)", "original description of Xerus simplex: Murray, 1866:353 (= Heliosciurus gambianus gambianus, name_combination, synonym)", "original description of Zeuglodon serratus: Murray, 1866:341 (= Dorudon serratus, name_combination, synonym)", "Biodiversity", "Mammalia", "Chiroptera", "Chordata", "Animalia", "bats", "bat"], "related_identifiers": [{"identifier": "hash://md5/3a410a743f170b121c11571580d11453", "relation": "hasVersion", "scheme": "url"}, {"identifier": "hash://sha256/e1064e1120fdf713864b1fd7907dda8406bd344374c55395db5f069f8ad9c0b1", "relation": "hasVersion", "scheme": "url"}, {"identifier": "zotero://select/groups/5435545/items/R876W3V4", "relation": "isDerivedFrom", "scheme": "url"}, {"identifier": "https://zotero.org/groups/5435545/items/R876W3V4", "relation": "isDerivedFrom", "scheme": "url"}, {"identifier": "https://linker.bio/cut:hash://md5/0f9733bf2f903ee4644754864b363a97!/b266057-268416", "relation": "isDerivedFrom", "scheme": "url"}, {"identifier": "hash://md5/1cda41b660daf15c156f1e4cabf8c6f5", "relation": "isPartOf", "scheme": "url"}, {"identifier": "10.5281/zenodo.1410543", "relation": "isCompiledBy", "resource_type": "software", "scheme": "doi"}], "custom": {"dwc:class": ["Mammalia"], "dwc:kingdom": ["Animalia"], "dwc:order": ["Chiroptera"], "dwc:phylum": ["Chordata"]}, "resource_type": {"title": "Book", "type": "publication", "subtype": "book"}, "alternate_identifiers": [{"identifier": "hash://md5/3a410a743f170b121c11571580d11453"}, {"identifier": "urn:lsid:zotero.org:groups:5435545:items:R876W3V4"}], "license": {"id": "cc-by-4.0"}, "communities": [{"id": "batlit"}, {"id": "biosyslit"}], "relations": {"version": [{"index": 0, "is_last": true, "parent": {"pid_type": "recid", "pid_value": "18028461"}}]}}, "title": "The Geographical Distribution of Mammals", "links": {"self": "https://zenodo.org/api/records/18028462", "self_html": "https://zenodo.org/records/18028462", "preview_html": "https://zenodo.org/records/18028462?preview=1", "doi": "https://doi.org/10.5281/zenodo.18028462", "self_doi": "https://doi.org/10.5281/zenodo.18028462", "self_doi_html": "https://zenodo.org/doi/10.5281/zenodo.18028462", "reserve_doi": "https://zenodo.org/api/records/18028462/draft/pids/doi", "parent": "https://zenodo.org/api/records/18028461", "parent_html": "https://zenodo.org/records/18028461", "parent_doi": "https://doi.org/10.5281/zenodo.18028461", "parent_doi_html": "https://zenodo.org/doi/10.5281/zenodo.18028461", "self_iiif_manifest": "https://zenodo.org/api/iiif/record:18028462/manifest", "self_iiif_sequence": "https://zenodo.org/api/iiif/record:18028462/sequence/default", "files": "https://zenodo.org/api/records/18028462/files", "media_files": "https://zenodo.org/api/records/18028462/media-files", "thumbnails": {"10": "https://zenodo.org/api/iiif/record:18028462:Mammalia-distribution%20(Murray%201866).pdf/full/%5E10,/0/default.jpg", "50": "https://zenodo.org/api/iiif/record:18028462:Mammalia-distribution%20(Murray%201866).pdf/full/%5E50,/0/default.jpg", "100": "https://zenodo.org/api/iiif/record:18028462:Mammalia-distribution%20(Murray%201866).pdf/full/%5E100,/0/default.jpg", "250": "https://zenodo.org/api/iiif/record:18028462:Mammalia-distribution%20(Murray%201866).pdf/full/%5E250,/0/default.jpg", "750": "https://zenodo.org/api/iiif/record:18028462:Mammalia-distribution%20(Murray%201866).pdf/full/%5E750,/0/default.jpg", "1200": "https://zenodo.org/api/iiif/record:18028462:Mammalia-distribution%20(Murray%201866).pdf/full/%5E1200,/0/default.jpg"}, "archive": "https://zenodo.org/api/records/18028462/files-archive", "archive_media": "https://zenodo.org/api/records/18028462/media-files-archive", "latest": "https://zenodo.org/api/records/18028462/versions/latest", "latest_html": "https://zenodo.org/records/18028462/latest", "versions": "https://zenodo.org/api/records/18028462/versions", "draft": "https://zenodo.org/api/records/18028462/draft", "access_links": "https://zenodo.org/api/records/18028462/access/links", "access_grants": "https://zenodo.org/api/records/18028462/access/grants", "access_users": "https://zenodo.org/api/records/18028462/access/users", "access_request": "https://zenodo.org/api/records/18028462/access/request", "access": "https://zenodo.org/api/records/18028462/access", "communities": "https://zenodo.org/api/records/18028462/communities", "communities-suggestions": "https://zenodo.org/api/records/18028462/communities-suggestions", "request_deletion": "https://zenodo.org/api/records/18028462/request-deletion", "file_modification": "https://zenodo.org/api/records/18028462/file-modification", "requests": "https://zenodo.org/api/records/18028462/requests"}, "updated": "2025-12-23T04:07:00.464548+00:00", "recid": "18028462", "revision": 5, "files": [{"id": "3062c4ed-94e2-49c3-a00f-b5b52f5357c4", "key": "Mammalia-distribution (Murray 1866).pdf", "size": 59033619, "checksum": "md5:3a410a743f170b121c11571580d11453", "links": {"self": "https://zenodo.org/api/records/18028462/files/Mammalia-distribution (Murray 1866).pdf/content"}}], "swh": null, "owners": [{"id": "344646"}], "status": "published", "stats": {"downloads": 28, "unique_downloads": 28, "views": 8, "unique_views": 8, "version_downloads": 28, "version_unique_downloads": 28, "version_unique_views": 8, "version_views": 8}, "state": "done", "submitted": true}], "total": 1}, "aggregations": {"access_status": {"buckets": [{"key": "open", "doc_count": 1, "label": "Open", "is_selected": false}], "label": "Access status"}, "resource_type": {"buckets": [{"key": "publication", "doc_count": 1, "label": "Publication", "is_selected": false, "inner": {"buckets": [{"key": "publication-book", "doc_count": 1, "label": "Book", "is_selected": false}]}}], "label": "Resource types"}, "subject": {"buckets": [{"key": "Animalia", "doc_count": 1, "label": "Animalia", "is_selected": false}, {"key": "Biodiversity", "doc_count": 1, "label": "Biodiversity", "is_selected": false}, {"key": "Chiroptera", "doc_count": 1, "label": "Chiroptera", "is_selected": false}, {"key": "Chordata", "doc_count": 1, "label": "Chordata", "is_selected": false}, {"key": "Mammalia", "doc_count": 1, "label": "Mammalia", "is_selected": false}, {"key": "bat", "doc_count": 1, "label": "bat", "is_selected": false}, {"key": "bats", "doc_count": 1, "label": "bats", "is_selected": false}, {"key": "https://hesperomys.com/a/39798", "doc_count": 1, "label": "https://hesperomys.com/a/39798", "is_selected": false}, {"key": "original description of \"Cervus Sabinus\" Murray, 1866:334 (= Cervus sabinus, nomen_nudum, nomen_dubium)", "doc_count": 1, "label": "original description of \"Cervus Sabinus\" Murray, 1866:334 (= Cervus sabinus, nomen_nudum, nomen_dubium)", "is_selected": false}, {"key": "original description of \"Cervus antiquorum\" Murray, 1866:334 (nomen_nudum, nomen_dubium)", "doc_count": 1, "label": "original description of \"Cervus antiquorum\" Murray, 1866:334 (nomen_nudum, nomen_dubium)", "is_selected": false}], "label": "Subjects"}, "file_type": {"buckets": [{"key": "pdf", "doc_count": 1, "label": "PDF", "is_selected": false}], "label": "File type"}}, "links": {"self": "https://zenodo.org/api/communities/batlit/records?page=1&q=%22urn:lsid:zotero.org:groups:5435545:items:R876W3V4%22&size=25&sort=bestmatch"}}